Vorname,Nachname,Geburtstag,Klasse
Alani,Rivera,23.10.1990,IAV2325
Charles,Lindsey,28.11.2001,IAV2325
Colette,Villarreal,27.9.1990,EAV2224s
Nikolai,Gomez,3.3.2000,IAV2224
Natalie,Kemp,2.10.1998,IAV2224
Melvin,Malone,18.11.1999,IAV2123
Skyler,Cain,14.2.1996,EAV2325w
Benson,Friedman,6.8.1990,IAV2123
Aspyn,Daniel,15.6.1995,EAV2224s
Grady,Kelly,4.4.1996,IAV2325
Ruby,Butler,3.4.1990,IAV2325
Ryder,Michael,14.3.1996,EAV2325w
Aubriella,Buckley,2.10.2001,EAV2224s
Aryan,Kerr,9.2.1991,EAV2224s
Baylee,Hood,1.4.2000,IAV2123
Brixton,Douglas,3.8.1999,IAV2224
Aniyah,Wise,25.1.1993,IAV2123
Frederick,Solis,16.5.2002,IAV2224
Miracle,Gomez,22.2.1990,EAV2224w
Isaiah,Ferguson,20.6.1999,EAV2224w
Juliana,Pennington,18.11.1990,EAV2224w
Bobby,Marshall,1.12.1998,IAV2224
Adalyn,Weeks,21.2.1998,EAV2224s
Anders,Hurley,12.12.1999,IAV2123
Rylan,Glenn,17.3.1991,EAV2224w
Zaid,Jennings,16.7.1999,EAV2224w
Palmer,Parra,7.4.1996,IAV2325
Davion,Colon,5.11.1990,IAV2123
Remy,Foley,28.10.1992,EAV2224s
Mohammad,Truong,21.4.2001,EAV2224w
Judith,Spence,5.10.1997,IAV2123
Cillian,Larsen,2.9.1996,IAV2224
Xiomara,Mills,20.1.2000,EAV2325w
Alex,Hood,10.8.2001,IAV2224
Briana,Murray,3.9.1990,EAV2224w
Ashton,Zhang,11.7.1996,IAV2224
Sarai,Gregory,22.4.1990,EAV2224s
Travis,Padilla,5.2.2002,IAV2224
Maggie,Swanson,19.7.1996,IAV2123
Hugo,Maynard,12.9.1995,EAV2224w
Carolyn,Huang,27.8.1998,IAV2325
Ayaan,Lucero,19.3.1990,IAV2224
Ila,Cannon,3.7.2000,IAV2224
Archie,Powell,8.6.2002,IAV2123
Vivian,Erickson,22.2.1992,EAV2224s
Johnny,Combs,26.9.1998,IAV2224
Irene,Adams,10.9.1994,EAV2224w
Hudson,Burke,2.10.2002,EAV2224s
Vera,Ortiz,20.9.1992,EAV2224s
Landon,Foster,4.2.1999,IAV2224
Brielle,Sims,4.2.2001,IAV2325
Brian,Atkins,20.1.1995,IAV2325
Mina,Miller,12.5.1993,IAV2325
Benjamin,Donnell,15.2.1997,EAV2224w
Bellamy,Craig,14.2.1997,EAV2224w
Odin,McGee,11.4.1994,IAV2224
Kayleigh,Monroe,4.10.2002,EAV2325w
Colby,Travis,17.1.2002,EAV2224s
Mazikee,Hunter,20.3.1992,IAV2123
Archer,Pena,12.7.1991,IAV2123
Rachel,Walton,20.6.1993,IAV2224
Dominick,Mahoney,11.11.1990,IAV2123
Promise,Hahn,15.1.1990,IAV2325
Kabir,Klein,27.12.1997,EAV2224s
Elianna,Blackburn,24.10.1998,EAV2325w
Zahir,Bishop,21.7.2002,EAV2325w
Brooklynn,Taylor,27.3.1999,EAV2224w
Jackson,Snow,26.1.1996,IAV2325
Alexia,Arellano,18.4.1991,EAV2224s
Kellan,Hudson,18.8.1992,EAV2325w
Kamila,Barr,26.11.2002,EAV2224s
Harley,Woodward,3.5.1990,IAV2325
Drew,Saunders,14.6.2000,EAV2224w
Kasen,Newman,21.8.1993,EAV2224s
Oaklynn,Wilcox,24.6.2002,EAV2224w
Jerry,Hendricks,1.12.1991,IAV2325
Dani,Corona,22.8.1992,EAV2224s
Darian,Houston,10.11.1997,IAV2224
Lylah,Burns,5.9.2001,IAV2325
August,Norton,24.11.1993,IAV2224
Kylee,McMillan,1.9.1996,EAV2224w
Rocky,Bruce,24.3.1991,EAV2325w
Marilyn,Castillo,8.8.1995,IAV2325
Kai,Chase,26.7.2001,EAV2325w
Angie,Larsen,2.1.1999,EAV2224s
Brycen,Vang,12.11.1998,IAV2325
Madisyn,Rivera,15.6.1996,IAV2325
Charles,Crosby,6.4.2001,EAV2325w
Keily,Wagner,3.3.1997,EAV2325w
Enzo,Gregory,13.11.1997,IAV2325
Alaya,Nielsen,11.6.1992,IAV2123
Tru,Warner,4.8.1994,EAV2224w
Wynter,Wright,19.11.1992,IAV2123
Grayson,Edwards,1.3.1996,IAV2123
Ivy,Boyer,15.5.1999,EAV2224s
Zeke,Acevedo,27.12.1997,EAV2325w
Ashlynn,Waters,16.11.1996,EAV2224w
Maximilian,Cherry,6.8.1992,EAV2325w
Nyomi,Benjamin,21.9.1998,IAV2325
Kyro,Middleton,14.11.2001,EAV2224s
Madalyn,Wheeler,10.6.1997,EAV2325w
Kenneth,Mullen,7.10.1996,EAV2325w
Shay,Beasley,5.3.1992,IAV2123
Stanley,Sharp,19.3.1993,EAV2325w
Camryn,Boyle,22.6.1996,EAV2224w
Robin,Weeks,6.6.1995,EAV2325w
Karen,Stafford,28.7.1994,IAV2123
Alfredo,Oâ€™Neill,2.11.1994,EAV2325w
Kenna,Cross,24.11.2000,EAV2224s
Fabian,Goodwin,13.5.1994,EAV2224w
Shiloh,Manning,13.11.2000,EAV2325w
Seth,Underwood,25.4.1993,IAV2123
Ensley,Mills,16.9.2000,EAV2224w
Alex,Richard,16.12.1994,EAV2224s
Davina,Shannon,11.10.1992,EAV2224w
Eliel,Fowler,28.3.1997,IAV2123
Lennon,Schroeder,13.12.1993,IAV2123
Izaiah,Hayes,10.11.1991,IAV2325
Iris,Black,3.10.1996,EAV2325w
Matteo,Casey,25.4.1993,IAV2224
